seq_id,tm
31390,45.36516871980675
31391,45.652830555555546
31392,45.36516871980675
31393,41.89083333333334
31394,41.861333333333334
31395,42.79933333333332
31396,41.84133333333333
31397,51.99670833333332
31398,45.36516871980675
31399,45.261168719806754
31400,45.35316871980675
31401,45.36516871980675
31402,45.36516871980675
31403,45.36516871980675
31404,45.26516871980675
31405,45.36516871980675
31406,45.652830555555546
31407,45.36516871980675
31408,45.45716871980675
31409,45.39016871980675
31410,45.41816871980675
31411,45.36516871980675
31412,45.483168719806756
31413,45.49516871980675
31414,45.304168719806746
31415,45.736168719806756
31416,45.724168719806755
31417,45.736168719806756
31418,45.54516871980675
31419,45.736168719806756
31420,45.636168719806754
31421,45.736168719806756
31422,46.02383055555555
31423,45.48316871980676
31424,45.828168719806754
31425,45.761168719806754
31426,45.78916871980676
31427,45.736168719806756
31428,45.49516871980675
31429,45.39116871980676
31430,45.483168719806756
31431,45.49516871980675
31432,45.304168719806746
31433,45.373168719806756
31434,45.736168719806756
31435,45.63216871980676
31436,45.736168719806756
31437,45.736168719806756
31438,45.636168719806754
31439,45.736168719806756
31440,46.02383055555555
31441,45.48316871980676
31442,45.736168719806756
31443,45.828168719806754
31444,45.761168719806754
31445,45.78916871980676
31446,45.736168719806756
31447,45.736168719806756
31448,45.49216871980675
31449,45.480168719806755
31450,45.49216871980675
31451,45.301168719806746
31452,45.49216871980675
31453,45.39216871980675
31454,45.77983055555555
31455,45.239168719806756
31456,45.584168719806755
31457,45.51716871980675
31458,45.736168719806756
31459,45.63216871980676
31460,45.736168719806756
31461,45.736168719806756
31462,45.54516871980675
31463,45.736168719806756
31464,45.636168719806754
31465,45.828168719806754
31466,45.78916871980676
31467,45.736168719806756
31468,45.26916871980676
31469,45.08916871980676
31470,44.98516871980675
31471,44.89816871980675
31472,44.98916871980675
31473,45.08916871980676
31474,45.08916871980676
31475,44.83616871980676
31476,45.08916871980676
31477,45.181168719806756
31478,45.36516871980675
31479,41.861333333333334
31480,41.861333333333334
31481,41.89083333333334
31482,42.18866666666667
31483,41.84133333333333
31484,45.373168719806756
31485,45.26916871980676
31486,45.17416871980675
31487,45.36516871980675
31488,45.36516871980675
31489,45.35316871980675
31490,45.30616871980675
31491,45.30616871980675
31492,41.861333333333334
31493,42.18866666666667
31494,42.79933333333332
31495,41.861333333333334
31496,41.84133333333333
31497,51.99670833333332
31498,45.49516871980675
31499,45.39116871980676
31500,45.483168719806756
31501,45.49516871980675
31502,45.304168719806746
31503,45.49216871980675
31504,45.38816871980676
31505,45.480168719806755
31506,45.49216871980675
31507,45.301168719806746
31508,45.49216871980675
31509,45.39216871980675
31510,45.49216871980675
31511,45.77983055555555
31512,45.49216871980675
31513,45.584168719806755
31514,45.51716871980675
31515,45.736168719806756
31516,45.736168719806756
31517,45.63216871980676
31518,45.724168719806755
31519,45.736168719806756
31520,45.54516871980675
31521,45.736168719806756
31522,45.736168719806756
31523,45.736168719806756
31524,45.828168719806754
31525,45.761168719806754
31526,45.78916871980676
31527,45.736168719806756
31528,45.36516871980675
31529,45.36516871980675
31530,45.08916871980676
31531,45.08916871980676
31532,44.98916871980675
31533,45.08916871980676
31534,45.37683055555555
31535,44.83616871980676
31536,45.08916871980676
31537,45.14716871980676
31538,45.30616871980675
31539,45.30616871980675
31540,45.30616871980675
31541,45.30616871980675
31542,45.59383055555554
31543,45.053168719806756
31544,45.30616871980675
31545,45.359168719806746
31546,45.373168719806756
31547,45.26916871980676
31548,45.16516871980675
31549,44.97416871980675
31550,44.91216871980676
31551,45.16516871980675
31552,45.261168719806754
31553,45.35316871980675
31554,45.36516871980675
31555,45.17416871980675
31556,45.26516871980675
31557,45.36516871980675
31558,45.261168719806754
31559,45.35316871980675
31560,45.36516871980675
31561,45.17416871980675
31562,45.36516871980675
31563,45.26516871980675
31564,42.18866666666667
31565,41.861333333333334
31566,45.49516871980675
31567,45.39116871980676
31568,45.49516871980675
31569,45.304168719806746
31570,45.08916871980676
31571,44.98516871980675
31572,45.078168719806754
31573,45.08916871980676
31574,44.98916871980675
31575,45.08916871980676
31576,45.37683055555555
31577,44.83616871980676
31578,45.181168719806756
31579,45.303168719806756
31580,45.19916871980675
31581,45.303168719806756
31582,45.11216871980674
31583,45.303168719806756
31584,45.203168719806754
31585,45.59083055555555
31586,45.05016871980675
31587,45.303168719806756
31588,45.29416871980675
31589,45.30616871980675
31590,45.30616871980675
31591,45.20616871980675
31592,45.59383055555554
31593,45.053168719806756
31594,45.30616871980675
31595,45.45716871980675
31596,45.33116871980675
31597,45.30616871980675
31598,45.261168719806754
31599,45.35316871980675
31600,45.36516871980675
31601,45.17416871980675
31602,45.26516871980675
31603,45.49216871980675
31604,45.480168719806755
31605,45.49216871980675
31606,45.301168719806746
31607,45.49216871980675
31608,45.49216871980675
31609,45.77983055555555
31610,45.239168719806756
31611,45.49216871980675
31612,45.584168719806755
31613,45.51716871980675
31614,45.36516871980675
31615,45.261168719806754
31616,45.35316871980675
31617,45.36516871980675
31618,45.17416871980675
31619,45.36516871980675
31620,45.26516871980675
31621,45.36516871980675
31622,45.652830555555546
31623,45.11216871980676
31624,45.36516871980675
31625,45.39016871980675
31626,45.30616871980675
31627,45.20216871980675
31628,45.29416871980675
31629,45.115168719806746
31630,45.30616871980675
31631,45.20616871980675
31632,45.30616871980675
31633,45.30616871980675
31634,45.45716871980675
31635,45.33116871980675
31636,45.359168719806746
31637,45.30616871980675
31638,45.37416871980675
31639,45.30616871980675
31640,45.19916871980675
31641,45.303168719806756
31642,45.303168719806756
31643,45.11216871980674
31644,45.303168719806756
31645,45.203168719806754
31646,45.303168719806756
31647,45.59083055555555
31648,45.05016871980675
31649,45.303168719806756
31650,45.36516871980675
31651,45.261168719806754
31652,45.35316871980675
31653,41.861333333333334
31654,41.89083333333334
31655,41.861333333333334
31656,42.18866666666667
31657,41.861333333333334
31658,42.79933333333332
31659,51.99670833333332
31660,45.36516871980675
31661,45.36516871980675
31662,45.17416871980675
31663,45.36516871980675
31664,45.652830555555546
31665,45.36516871980675
31666,51.99670833333332
31667,45.29116871980675
31668,45.303168719806756
31669,45.203168719806754
31670,45.303168719806756
31671,45.05016871980675
31672,45.303168719806756
31673,45.736168719806756
31674,45.63216871980676
31675,45.54516871980675
31676,45.636168719806754
31677,46.02383055555555
31678,45.736168719806756
31679,45.19916871980675
31680,45.29116871980675
31681,45.59083055555555
31682,45.05016871980675
31683,45.303168719806756
31684,45.261168719806754
31685,45.35316871980675
31686,45.36516871980675
31687,45.17416871980675
31688,45.36516871980675
31689,45.26516871980675
31690,45.652830555555546
31691,45.11216871980676
31692,45.36516871980675
31693,45.45716871980675
31694,45.373168719806756
31695,45.35316871980675
31696,45.36516871980675
31697,45.45716871980675
31698,45.39016871980675
31699,45.41816871980675
31700,45.63216871980676
31701,45.724168719806755
31702,45.54516871980675
31703,45.736168719806756
31704,45.736168719806756
31705,45.48316871980676
31706,45.828168719806754
31707,45.78916871980676
31708,45.304168719806746
31709,45.303168719806756
31710,45.303168719806756
31711,45.11216871980674
31712,45.203168719806754
31713,45.303168719806756
31714,45.59083055555555
31715,45.05016871980675
31716,41.89083333333334
31717,41.861333333333334
31718,51.99670833333332
31719,45.483168719806756
31720,44.98516871980675
31721,45.08916871980676
31722,44.98916871980675
31723,45.043168719806765
31724,41.861333333333334
31725,41.861333333333334
31726,42.18866666666667
31727,41.861333333333334
31728,42.79933333333332
31729,41.84133333333333
31730,51.99670833333332
31731,45.373168719806756
31732,45.26916871980676
31733,45.08916871980676
31734,45.078168719806754
31735,45.08916871980676
31736,44.89816871980675
31737,45.08916871980676
31738,44.98916871980675
31739,45.08916871980676
31740,45.181168719806756
31741,45.49216871980675
31742,45.38816871980676
31743,45.480168719806755
31744,45.49216871980675
31745,45.301168719806746
31746,45.49216871980675
31747,45.39216871980675
31748,45.77983055555555
31749,45.49216871980675
31750,45.584168719806755
31751,41.861333333333334
31752,41.89083333333334
31753,41.861333333333334
31754,42.18866666666667
31755,41.861333333333334
31756,41.84133333333333
31757,45.06116871980676
31758,45.16516871980675
31759,45.16516871980675
31760,45.16516871980675
31761,45.45283055555555
31762,45.16516871980675
31763,45.25716871980675
31764,45.16516871980675
31765,45.166168719806755
31766,45.49516871980675
31767,45.39116871980676
31768,45.49516871980675
31769,45.304168719806746
31770,45.36516871980675
31771,45.17416871980675
31772,45.36516871980675
31773,41.861333333333334
31774,41.861333333333334
31775,41.89083333333334
31776,41.861333333333334
31777,41.84133333333333
31778,51.99670833333332
31779,45.36516871980675
31780,45.261168719806754
31781,45.36516871980675
31782,45.17416871980675
31783,45.36516871980675
31784,45.08916871980676
31785,44.98516871980675
31786,44.98916871980675
31787,45.08916871980676
31788,45.08916871980676
31789,45.08916871980676
31790,44.98516871980675
31791,45.078168719806754
31792,45.08916871980676
31793,45.08916871980676
31794,45.08916871980676
31795,44.83616871980676
31796,41.861333333333334
31797,41.89083333333334
31798,41.861333333333334
31799,41.861333333333334
31800,42.79933333333332
31801,41.84133333333333
31802,51.99670833333332
31803,45.303168719806756
31804,45.19916871980675
31805,45.29116871980675
31806,45.303168719806756
31807,45.11216871980674
31808,45.303168719806756
31809,45.303168719806756
31810,45.303168719806756
31811,45.08916871980676
31812,44.89816871980675
31813,45.08916871980676
31814,45.181168719806756
31815,45.736168719806756
31816,45.724168719806755
31817,45.736168719806756
31818,45.54516871980675
31819,45.736168719806756
31820,45.736168719806756
31821,45.78916871980676
31822,45.736168719806756
31823,44.97416871980675
31824,45.736168719806756
31825,45.63216871980676
31826,45.54516871980675
31827,45.736168719806756
31828,45.636168719806754
31829,45.736168719806756
31830,45.48316871980676
31831,45.736168719806756
31832,45.761168719806754
31833,45.78916871980676
31834,45.736168719806756
31835,45.49216871980675
31836,45.49216871980675
31837,45.239168719806756
31838,45.49216871980675
31839,45.584168719806755
31840,45.51716871980675
31841,45.373168719806756
31842,45.26916871980676
31843,41.861333333333334
31844,41.89083333333334
31845,41.861333333333334
31846,42.79933333333332
31847,41.84133333333333
31848,51.99670833333332
31849,45.736168719806756
31850,45.63216871980676
31851,45.724168719806755
31852,45.736168719806756
31853,45.54516871980675
31854,45.636168719806754
31855,45.736168719806756
31856,46.02383055555555
31857,45.48316871980676
31858,45.736168719806756
31859,45.761168719806754
31860,45.78916871980676
31861,45.736168719806756
31862,45.08916871980676
31863,44.98516871980675
31864,45.078168719806754
31865,45.08916871980676
31866,44.89816871980675
31867,45.08916871980676
31868,44.98916871980675
31869,45.08916871980676
31870,44.83616871980676
31871,45.08916871980676
31872,45.181168719806756
31873,45.36516871980675
31874,45.261168719806754
31875,45.36516871980675
31876,45.261168719806754
31877,45.35316871980675
31878,45.02216871980675
31879,45.21316871980675
31880,45.15616871980676
31881,45.54516871980675
31882,46.02383055555555
31883,45.736168719806756
31884,45.761168719806754
31885,45.63216871980676
31886,45.724168719806755
31887,45.736168719806756
31888,45.54516871980675
31889,45.736168719806756
31890,46.02383055555555
31891,45.48316871980676
31892,45.736168719806756
31893,45.828168719806754
31894,45.736168719806756
31895,45.36516871980675
31896,45.261168719806754
31897,45.35316871980675
31898,45.36516871980675
31899,45.17416871980675
31900,45.36516871980675
31901,45.652830555555546
31902,45.38816871980676
31903,45.480168719806755
31904,45.49216871980675
31905,45.239168719806756
31906,45.49216871980675
31907,45.584168719806755
31908,45.51716871980675
31909,45.49516871980675
31910,45.304168719806746
31911,45.49516871980675
31912,45.483168719806756
31913,45.49516871980675
31914,45.304168719806746
31915,45.261168719806754
31916,45.36516871980675
31917,45.17416871980675
31918,45.652830555555546
31919,45.11216871980676
31920,45.45716871980675
31921,45.39016871980675
31922,45.19916871980675
31923,45.29116871980675
31924,45.11216871980674
31925,45.36516871980675
31926,45.261168719806754
31927,45.35316871980675
31928,45.36516871980675
31929,45.17416871980675
31930,45.36516871980675
31931,45.36516871980675
31932,45.36516871980675
31933,45.35316871980675
31934,45.36516871980675
31935,45.36516871980675
31936,45.652830555555546
31937,45.08916871980676
31938,45.37683055555555
31939,45.08916871980676
31940,45.181168719806756
31941,45.30616871980675
31942,45.20216871980675
31943,45.29416871980675
31944,45.30616871980675
31945,45.115168719806746
31946,45.30616871980675
31947,45.30616871980675
31948,45.053168719806756
31949,45.30616871980675
31950,45.30616871980675
31951,45.37416871980675
31952,45.30616871980675
31953,45.303168719806756
31954,45.19916871980675
31955,45.303168719806756
31956,45.11216871980674
31957,45.303168719806756
31958,45.303168719806756
31959,45.59083055555555
31960,45.05016871980675
31961,45.303168719806756
31962,45.36516871980675
31963,45.261168719806754
31964,45.35316871980675
31965,45.17416871980675
31966,45.36516871980675
31967,45.36516871980675
31968,45.652830555555546
31969,45.736168719806756
31970,45.63216871980676
31971,45.724168719806755
31972,45.736168719806756
31973,45.54516871980675
31974,45.736168719806756
31975,45.636168719806754
31976,45.736168719806756
31977,46.02383055555555
31978,45.48316871980676
31979,45.828168719806754
31980,45.761168719806754
31981,45.736168719806756
31982,45.78916871980676
31983,45.736168719806756
31984,45.38816871980676
31985,45.480168719806755
31986,45.49216871980675
31987,45.301168719806746
31988,45.49216871980675
31989,45.39216871980675
31990,45.49216871980675
31991,45.77983055555555
31992,45.239168719806756
31993,45.49216871980675
31994,45.584168719806755
31995,45.51716871980675
31996,45.303168719806756
31997,45.19916871980675
31998,45.29116871980675
31999,45.303168719806756
32000,45.11216871980674
32001,45.303168719806756
32002,45.203168719806754
32003,45.303168719806756
32004,45.05016871980675
32005,45.303168719806756
32006,45.736168719806756
32007,45.63216871980676
32008,45.724168719806755
32009,45.736168719806756
32010,45.54516871980675
32011,45.736168719806756
32012,45.636168719806754
32013,45.736168719806756
32014,46.02383055555555
32015,45.48316871980676
32016,45.736168719806756
32017,45.828168719806754
32018,45.761168719806754
32019,45.78916871980676
32020,45.736168719806756
32021,45.49216871980675
32022,45.38816871980676
32023,45.480168719806755
32024,45.49216871980675
32025,45.301168719806746
32026,45.49216871980675
32027,45.49216871980675
32028,45.39216871980675
32029,45.49216871980675
32030,45.77983055555555
32031,45.239168719806756
32032,45.49216871980675
32033,45.584168719806755
32034,45.51716871980675
32035,45.49516871980675
32036,45.39116871980676
32037,45.483168719806756
32038,45.49516871980675
32039,45.304168719806746
32040,45.49516871980675
32041,45.39116871980676
32042,45.483168719806756
32043,45.49516871980675
32044,45.30616871980675
32045,45.20216871980675
32046,45.29416871980675
32047,45.30616871980675
32048,45.115168719806746
32049,45.30616871980675
32050,45.20616871980675
32051,45.30616871980675
32052,45.59383055555554
32053,45.053168719806756
32054,45.30616871980675
32055,45.30616871980675
32056,45.45716871980675
32057,45.33116871980675
32058,45.359168719806746
32059,45.30616871980675
32060,45.37416871980675
32061,45.30616871980675
32062,45.36516871980675
32063,45.261168719806754
32064,45.36516871980675
32065,45.17416871980675
32066,45.36516871980675
32067,45.652830555555546
32068,45.303168719806756
32069,45.19916871980675
32070,45.303168719806756
32071,45.11216871980674
32072,45.303168719806756
32073,45.303168719806756
32074,45.203168719806754
32075,45.59083055555555
32076,45.05016871980675
32077,45.49516871980675
32078,45.39116871980676
32079,45.483168719806756
32080,45.49516871980675
32081,45.14716871980676
32082,45.043168719806765
32083,45.14716871980676
32084,45.21316871980675
32085,45.07116871980676
32086,45.20116871980676
32087,45.21316871980675
32088,45.21316871980675
32089,45.11316871980675
32090,45.21316871980675
32091,45.50083055555555
32092,44.96016871980675
32093,45.21316871980675
32094,45.30516871980675
32095,45.23816871980675
32096,45.26616871980676
32097,45.21316871980675
32098,45.21316871980675
32099,45.21416871980676
32100,45.21316871980675
32101,45.736168719806756
32102,45.63216871980676
32103,45.736168719806756
32104,45.54516871980675
32105,45.736168719806756
32106,45.636168719806754
32107,45.736168719806756
32108,45.48316871980676
32109,45.736168719806756
32110,45.78916871980676
32111,45.303168719806756
32112,45.19916871980675
32113,45.203168719806754
32114,45.59083055555555
32115,45.05016871980675
32116,45.303168719806756
32117,41.89083333333334
32118,42.18866666666667
32119,51.99670833333332
32120,45.30616871980675
32121,45.480168719806755
32122,45.49216871980675
32123,45.49216871980675
32124,45.301168719806746
32125,45.49216871980675
32126,45.39216871980675
32127,45.77983055555555
32128,45.239168719806756
32129,45.584168719806755
32130,45.51716871980675
32131,45.14716871980676
32132,45.043168719806765
32133,45.15616871980676
32134,45.14716871980676
32135,45.26916871980676
32136,45.08916871980676
32137,44.98516871980675
32138,45.078168719806754
32139,45.08916871980676
32140,45.08916871980676
32141,45.08916871980676
32142,45.37683055555555
32143,44.83616871980676
32144,45.181168719806756
32145,45.63216871980676
32146,45.736168719806756
32147,45.54516871980675
32148,45.636168719806754
32149,45.736168719806756
32150,45.736168719806756
32151,45.736168719806756
32152,45.828168719806754
32153,45.761168719806754
32154,45.736168719806756
32155,41.89083333333334
32156,41.861333333333334
32157,42.18866666666667
32158,41.861333333333334
32159,41.84133333333333
32160,45.08916871980676
32161,44.98516871980675
32162,45.078168719806754
32163,44.98916871980675
32164,45.181168719806756
32165,45.49216871980675
32166,45.38816871980676
32167,45.480168719806755
32168,45.49216871980675
32169,45.301168719806746
32170,45.49216871980675
32171,45.49216871980675
32172,45.77983055555555
32173,45.239168719806756
32174,45.49216871980675
32175,45.51716871980675
32176,45.480168719806755
32177,45.301168719806746
32178,45.49216871980675
32179,45.39216871980675
32180,45.77983055555555
32181,45.239168719806756
32182,45.49216871980675
32183,45.584168719806755
32184,45.51716871980675
32185,45.36516871980675
32186,45.17416871980675
32187,45.26516871980675
32188,45.36516871980675
32189,45.36516871980675
32190,45.652830555555546
32191,45.11216871980676
32192,45.36516871980675
32193,45.45716871980675
32194,45.41816871980675
32195,45.43316871980675
32196,41.861333333333334
32197,41.89083333333334
32198,41.861333333333334
32199,42.79933333333332
32200,41.861333333333334
32201,41.84133333333333
32202,51.99670833333332
32203,45.49516871980675
32204,45.483168719806756
32205,45.36516871980675
32206,45.261168719806754
32207,45.35316871980675
32208,45.36516871980675
32209,45.17416871980675
32210,45.36516871980675
32211,45.652830555555546
32212,45.36516871980675
32213,45.39016871980675
32214,45.41816871980675
32215,45.36516871980675
32216,45.43316871980675
32217,45.06116871980676
32218,45.15316871980676
32219,45.16516871980675
32220,44.97416871980675
32221,45.16516871980675
32222,45.06516871980675
32223,45.16516871980675
32224,45.45283055555555
32225,45.16516871980675
32226,45.19016871980675
32227,45.218168719806755
32228,45.16516871980675
32229,45.233168719806756
32230,45.16516871980675
32231,45.166168719806755
32232,45.14716871980676
32233,45.043168719806765
32234,45.15616871980676
32235,45.14716871980676
32236,45.49216871980675
32237,45.38816871980676
32238,45.39216871980675
32239,45.49216871980675
32240,45.77983055555555
32241,45.239168719806756
32242,45.49216871980675
32243,45.584168719806755
32244,45.36516871980675
32245,45.261168719806754
32246,45.17416871980675
32247,45.36516871980675
32248,45.26516871980675
32249,45.261168719806754
32250,45.35316871980675
32251,45.36516871980675
32252,45.26516871980675
32253,45.36516871980675
32254,45.45716871980675
32255,45.39016871980675
32256,45.41816871980675
32257,45.43316871980675
32258,41.89083333333334
32259,42.18866666666667
32260,41.861333333333334
32261,41.861333333333334
32262,42.79933333333332
32263,41.84133333333333
32264,45.15616871980676
32265,45.14716871980676
32266,45.36516871980675
32267,45.35316871980675
32268,45.36516871980675
32269,45.36516871980675
32270,45.36516871980675
32271,45.36516871980675
32272,45.11216871980676
32273,45.45716871980675
32274,45.41816871980675
32275,45.49516871980675
32276,45.483168719806756
32277,45.49516871980675
32278,45.49516871980675
32279,45.39116871980676
32280,45.49516871980675
32281,45.304168719806746
32282,45.08916871980676
32283,44.98516871980675
32284,45.08916871980676
32285,44.89816871980675
32286,45.08916871980676
32287,44.98916871980675
32288,45.08916871980676
32289,45.37683055555555
32290,45.08916871980676
32291,45.181168719806756
32292,45.21316871980675
32293,45.07116871980676
32294,45.21316871980675
32295,45.21316871980675
32296,45.02216871980675
32297,45.21316871980675
32298,45.30516871980675
32299,45.23816871980675
32300,45.28116871980676
32301,45.21416871980676
32302,45.21316871980675
32303,41.861333333333334
32304,41.861333333333334
32305,41.89083333333334
32306,41.861333333333334
32307,41.861333333333334
32308,42.79933333333332
32309,41.84133333333333
32310,51.99670833333332
32311,45.36516871980675
32312,45.261168719806754
32313,45.35316871980675
32314,45.26516871980675
32315,45.36516871980675
32316,45.652830555555546
32317,45.49516871980675
32318,45.39116871980676
32319,45.483168719806756
32320,45.304168719806746
32321,45.736168719806756
32322,45.724168719806755
32323,45.736168719806756
32324,45.54516871980675
32325,45.736168719806756
32326,45.636168719806754
32327,45.736168719806756
32328,46.02383055555555
32329,45.48316871980676
32330,45.736168719806756
32331,45.828168719806754
32332,45.761168719806754
32333,45.78916871980676
32334,45.736168719806756
32335,45.29116871980675
32336,45.11216871980674
32337,45.203168719806754
32338,45.303168719806756
32339,45.05016871980675
32340,45.373168719806756
32341,41.861333333333334
32342,41.89083333333334
32343,41.861333333333334
32344,42.18866666666667
32345,41.861333333333334
32346,42.79933333333332
32347,41.84133333333333
32348,51.99670833333332
32349,45.736168719806756
32350,45.724168719806755
32351,45.736168719806756
32352,45.54516871980675
32353,45.736168719806756
32354,45.636168719806754
32355,46.02383055555555
32356,45.48316871980676
32357,45.761168719806754
32358,45.30616871980675
32359,45.20216871980675
32360,45.30616871980675
32361,45.115168719806746
32362,45.30616871980675
32363,45.20616871980675
32364,45.30616871980675
32365,45.053168719806756
32366,45.30616871980675
32367,45.45716871980675
32368,45.33116871980675
32369,45.30616871980675
32370,45.30616871980675
32371,45.373168719806756
32372,45.26916871980676
32373,41.861333333333334
32374,41.89083333333334
32375,41.861333333333334
32376,41.861333333333334
32377,42.79933333333332
32378,45.19916871980675
32379,45.303168719806756
32380,45.203168719806754
32381,45.59083055555555
32382,45.303168719806756
32383,45.05016871980675
32384,45.303168719806756
32385,41.861333333333334
32386,41.89083333333334
32387,41.861333333333334
32388,41.861333333333334
32389,42.79933333333332
32390,41.84133333333333
32391,51.99670833333332
32392,45.19916871980675
32393,45.29116871980675
32394,45.303168719806756
32395,45.303168719806756
32396,45.203168719806754
32397,45.303168719806756
32398,45.59083055555555
32399,45.05016871980675
32400,45.36516871980675
32401,45.261168719806754
32402,45.49516871980675
32403,45.483168719806756
32404,45.304168719806746
32405,45.373168719806756
32406,45.26916871980676
32407,45.16516871980675
32408,45.15316871980676
32409,45.06516871980675
32410,45.16516871980675
32411,44.91216871980676
32412,45.16516871980675
32413,45.233168719806756
32414,45.16516871980675
32415,45.166168719806755
32416,45.49516871980675
32417,45.39116871980676
32418,45.483168719806756
32419,45.49516871980675
32420,45.304168719806746
32421,45.08916871980676
32422,44.98516871980675
32423,45.08916871980676
32424,44.89816871980675
32425,45.08916871980676
32426,44.98916871980675
32427,45.08916871980676
32428,44.83616871980676
32429,45.08916871980676
32430,45.181168719806756
32431,41.861333333333334
32432,41.89083333333334
32433,41.861333333333334
32434,42.18866666666667
32435,41.861333333333334
32436,42.79933333333332
32437,51.99670833333332
32438,45.16516871980675
32439,45.06116871980676
32440,45.15316871980676
32441,45.16516871980675
32442,44.97416871980675
32443,45.16516871980675
32444,45.16516871980675
32445,45.45283055555555
32446,44.91216871980676
32447,45.25716871980675
32448,45.233168719806756
32449,45.16516871980675
32450,45.166168719806755
32451,45.21316871980675
32452,45.07116871980676
32453,45.21316871980675
32454,45.02216871980675
32455,45.21316871980675
32456,45.11316871980675
32457,45.21316871980675
32458,44.96016871980675
32459,45.21316871980675
32460,45.23816871980675
32461,45.26616871980676
32462,45.21316871980675
32463,45.28116871980676
32464,45.21316871980675
32465,45.21416871980676
32466,45.21316871980675
32467,45.38816871980676
32468,45.49216871980675
32469,45.301168719806746
32470,45.49216871980675
32471,45.239168719806756
32472,45.49216871980675
32473,45.584168719806755
32474,45.07116871980676
32475,45.21316871980675
32476,45.02216871980675
32477,45.11316871980675
32478,44.96016871980675
32479,45.30516871980675
32480,45.26616871980676
32481,45.21416871980676
32482,45.21316871980675
32483,45.35316871980675
32484,41.89083333333334
32485,41.861333333333334
32486,42.18866666666667
32487,41.861333333333334
32488,42.79933333333332
32489,41.84133333333333
32490,51.99670833333332
32491,45.303168719806756
32492,45.19916871980675
32493,45.29116871980675
32494,45.303168719806756
32495,45.11216871980674
32496,45.303168719806756
32497,45.203168719806754
32498,45.303168719806756
32499,45.59083055555555
32500,45.05016871980675
32501,45.303168719806756
32502,45.303168719806756
32503,45.29116871980675
32504,45.303168719806756
32505,45.303168719806756
32506,45.203168719806754
32507,45.303168719806756
32508,45.303168719806756
32509,45.59083055555555
32510,41.861333333333334
32511,42.18866666666667
32512,41.861333333333334
32513,42.79933333333332
32514,51.99670833333332
32515,45.043168719806765
32516,45.303168719806756
32517,45.29116871980675
32518,45.303168719806756
32519,45.203168719806754
32520,45.303168719806756
32521,45.59083055555555
32522,45.05016871980675
32523,45.303168719806756
32524,45.21316871980675
32525,45.07116871980676
32526,45.20116871980676
32527,45.02216871980675
32528,45.21316871980675
32529,45.11316871980675
32530,44.96016871980675
32531,45.30516871980675
32532,45.23816871980675
32533,45.26616871980676
32534,45.28116871980676
32535,45.21316871980675
32536,45.30616871980675
32537,45.20216871980675
32538,45.29416871980675
32539,45.115168719806746
32540,45.30616871980675
32541,45.20616871980675
32542,45.30616871980675
32543,45.59383055555554
32544,45.053168719806756
32545,45.30616871980675
32546,45.45716871980675
32547,45.33116871980675
32548,45.359168719806746
32549,45.30616871980675
32550,45.30616871980675
32551,45.49516871980675
32552,45.49516871980675
32553,41.89083333333334
32554,41.861333333333334
32555,41.861333333333334
32556,42.79933333333332
32557,41.84133333333333
32558,51.99670833333332
32559,45.36516871980675
32560,41.861333333333334
32561,41.861333333333334
32562,41.861333333333334
32563,41.92633333333333
32564,39.58283333333334
32565,41.65633333333333
32566,45.395168719806755
32567,45.45716871980675
32568,45.520168719806755
32569,45.49516871980675
32570,45.496168719806754
32571,45.49516871980675
32572,45.30616871980675
32573,44.740335386473426
32574,45.328168719806754
32575,45.35616871980675
32576,45.303168719806756
32577,45.37116871980675
32578,45.303168719806756
32579,45.304168719806746
32580,45.303168719806756
32581,44.737335386473426
32582,45.14716871980676
32583,44.89416871980676
32584,45.14716871980676
32585,44.58133538647343
32586,41.861333333333334
32587,41.861333333333334
32588,41.861333333333334
32589,39.58283333333334
32590,41.77483333333333
32591,41.65633333333333
32592,45.35616871980675
32593,45.303168719806756
32594,45.37116871980675
32595,45.303168719806756
32596,45.304168719806746
32597,44.737335386473426
32598,45.328168719806754
32599,45.35616871980675
32600,45.303168719806756
32601,45.37116871980675
32602,45.304168719806746
32603,45.303168719806756
32604,44.737335386473426
32605,41.861333333333334
32606,41.17533333333333
32607,41.861333333333334
32608,41.861333333333334
32609,41.861333333333334
32610,39.58283333333334
32611,41.77483333333333
32612,41.861333333333334
32613,41.65633333333333
32614,45.17416871980675
32615,45.26516871980675
32616,45.11216871980676
32617,45.39016871980675
32618,45.43316871980675
32619,45.36516871980675
32620,44.79933538647343
32621,45.273168719806755
32622,45.66083055555555
32623,45.465168719806755
32624,45.49216871980675
32625,45.560168719806754
32626,45.49216871980675
32627,45.493168719806754
32628,45.49216871980675
32629,44.92633538647342
32630,45.173779830917866
32631,45.36477983091787
32632,45.26477983091786
32633,45.36477983091787
32634,45.11177983091787
32635,45.36477983091787
32636,45.41777983091786
32637,45.43277983091786
32638,45.36477983091787
32639,45.365779830917866
32640,45.36477983091787
32641,41.861333333333334
32642,41.861333333333334
32643,41.861333333333334
32644,41.92633333333333
32645,39.58283333333334
32646,41.77483333333333
32647,41.861333333333334
32648,41.65633333333333
32649,45.11177983091787
32650,45.45677983091787
32651,45.14216871980676
32652,45.15716871980676
32653,45.090168719806755
32654,44.52333538647343
32655,45.12016871980675
32656,45.373168719806756
32657,45.04716871980676
32658,45.239168719806756
32659,45.14716871980676
32660,44.58133538647343
32661,45.395168719806755
32662,45.49516871980675
32663,45.78283055555555
32664,45.242168719806756
32665,45.45716871980675
32666,45.54816871980675
32667,45.49516871980675
32668,45.563168719806754
32669,45.49516871980675
32670,44.92933538647343
32671,45.373168719806756
32672,45.182168719806754
32673,45.373168719806756
32674,45.273168719806755
32675,45.373168719806756
32676,45.66083055555555
32677,45.373168719806756
32678,45.465168719806755
32679,45.398168719806755
32680,45.441168719806754
32681,45.373168719806756
32682,45.37416871980676
32683,45.373168719806756
32684,44.807335386473426
32685,45.78283055555555
32686,45.242168719806756
32687,45.49516871980675
32688,45.45716871980675
32689,45.520168719806755
32690,45.54816871980675
32691,45.49516871980675
32692,45.563168719806754
32693,45.49516871980675
32694,45.496168719806754
32695,45.49516871980675
32696,44.92933538647343
32697,45.26077983091786
32698,45.35277983091786
32699,45.36477983091787
32700,45.173779830917866
32701,45.36477983091787
32702,45.26477983091786
32703,45.36477983091787
32704,45.65244166666666
32705,45.11177983091787
32706,45.36477983091787
32707,45.45677983091787
32708,45.38977983091787
32709,45.41777983091786
32710,45.365779830917866
32711,44.79894649758454
32712,45.652830555555546
32713,45.36516871980675
32714,45.45716871980675
32715,45.36516871980675
32716,45.43316871980675
32717,45.36516871980675
32718,45.36616871980676
32719,45.36516871980675
32720,45.328168719806754
32721,45.35616871980675
32722,45.37116871980675
32723,45.303168719806756
32724,45.304168719806746
32725,41.861333333333334
32726,41.861333333333334
32727,41.861333333333334
32728,41.861333333333334
32729,39.58283333333334
32730,41.77483333333333
32731,41.861333333333334
32732,45.328168719806754
32733,44.737335386473426
32734,41.861333333333334
32735,41.861333333333334
32736,41.81133333333333
32737,41.92633333333333
32738,41.861333333333334
32739,41.65633333333333
32740,45.373168719806756
32741,45.273168719806755
32742,45.66083055555555
32743,45.12016871980675
32744,45.42616871980675
32745,45.441168719806754
32746,45.373168719806756
32747,45.373168719806756
32748,45.30616871980675
32749,44.740335386473426
32750,45.736168719806756
32751,45.73716871980676
32752,45.736168719806756
32753,41.861333333333334
32754,41.861333333333334
32755,41.861333333333334
32756,41.81133333333333
32757,41.92633333333333
32758,41.861333333333334
32759,39.58283333333334
32760,41.77483333333333
32761,41.65633333333333
32762,45.373168719806756
32763,45.373168719806756
32764,45.66083055555555
32765,45.465168719806755
32766,45.42616871980675
32767,45.373168719806756
32768,45.37416871980676
32769,44.807335386473426
32770,45.303168719806756
32771,45.37116871980675
32772,45.303168719806756
32773,45.304168719806746
32774,45.303168719806756
32775,44.737335386473426
32776,45.736168719806756
32777,45.73716871980676
32778,45.736168719806756
32779,45.17033538647343
32780,45.395168719806755
32781,45.49516871980675
32782,45.242168719806756
32783,45.49516871980675
32784,45.45716871980675
32785,45.520168719806755
32786,45.563168719806754
32787,45.496168719806754
32788,45.49516871980675
32789,45.36516871980675
32790,45.39016871980675
32791,45.36516871980675
32792,45.43316871980675
32793,45.36616871980676
32794,45.36516871980675
32795,45.173779830917866
32796,45.36477983091787
32797,45.26477983091786
32798,45.65244166666666
32799,45.36477983091787
32800,45.36477983091787
32801,45.45677983091787
32802,45.41777983091786
32803,45.36477983091787
32804,45.43277983091786
32805,41.861333333333334
32806,41.17533333333333
32807,41.861333333333334
32808,41.81133333333333
32809,41.92633333333333
32810,39.58283333333334
32811,41.77483333333333
32812,41.861333333333334
32813,45.14216871980676
32814,45.08916871980676
32815,45.15716871980676
32816,45.08916871980676
32817,45.090168719806755
32818,45.08916871980676
32819,44.52333538647343
32820,45.395168719806755
32821,45.49516871980675
32822,45.49516871980675
32823,45.45716871980675
32824,45.520168719806755
32825,45.54816871980675
32826,45.49516871980675
32827,45.49516871980675
32828,45.496168719806754
32829,45.49516871980675
32830,44.92933538647343
32831,45.26077983091786
32832,45.35277983091786
32833,45.36477983091787
32834,45.173779830917866
32835,45.36477983091787
32836,45.36477983091787
32837,45.36477983091787
32838,45.38977983091787
32839,45.26077983091786
32840,45.35277983091786
32841,45.36477983091787
32842,45.36477983091787
32843,45.26477983091786
32844,45.65244166666666
32845,45.11177983091787
32846,45.36477983091787
32847,45.45677983091787
32848,45.41777983091786
32849,45.36477983091787
32850,45.43277983091786
32851,45.36477983091787
32852,45.365779830917866
32853,45.36477983091787
32854,44.79894649758454
32855,45.395168719806755
32856,45.78283055555555
32857,45.49516871980675
32858,45.54816871980675
32859,45.49516871980675
32860,44.79933538647343
32861,45.14716871980676
32862,44.89416871980676
32863,45.239168719806756
32864,45.14716871980676
32865,45.14716871980676
32866,45.14816871980676
32867,45.14716871980676
32868,41.861333333333334
32869,41.861333333333334
32870,41.81133333333333
32871,41.92633333333333
32872,39.58283333333334
32873,41.77483333333333
32874,45.11216871980676
32875,45.39016871980675
32876,45.41816871980675
32877,45.43316871980675
32878,45.36516871980675
32879,45.36516871980675
32880,44.79933538647343
32881,45.49216871980675
32882,44.92633538647342
32883,45.04716871980676
32884,45.14716871980676
32885,44.89416871980676
32886,45.14716871980676
32887,45.239168719806756
32888,45.17216871980676
32889,45.14716871980676
32890,45.215168719806755
32891,45.14716871980676
32892,45.14816871980676
32893,45.14716871980676
32894,44.58133538647343
32895,44.59933538647342
32896,45.36616871980676
32897,45.36516871980675
32898,45.36516871980675
32899,44.79933538647343
32900,45.395168719806755
32901,45.45716871980675
32902,45.49516871980675
32903,45.49516871980675
32904,45.49516871980675
32905,44.92933538647343
32906,41.861333333333334
32907,41.861333333333334
32908,41.861333333333334
32909,39.58283333333334
32910,41.77483333333333
32911,45.36616871980676
32912,45.36516871980675
32913,44.79933538647343
32914,45.49216871980675
32915,45.560168719806754
32916,45.49216871980675
32917,45.49216871980675
32918,45.493168719806754
32919,44.92633538647342
32920,45.560168719806754
32921,45.49216871980675
32922,45.15716871980676
32923,45.08916871980676
32924,45.090168719806755
32925,44.52333538647343
32926,41.861333333333334
32927,41.17533333333333
32928,41.861333333333334
32929,41.81133333333333
32930,41.92633333333333
32931,39.58283333333334
32932,41.77483333333333
32933,41.861333333333334
32934,41.65633333333333
32935,45.736168719806756
32936,45.14216871980676
32937,45.090168719806755
32938,45.08916871980676
32939,45.373168719806756
32940,45.182168719806754
32941,45.373168719806756
32942,45.12016871980675
32943,45.373168719806756
32944,45.465168719806755
32945,45.398168719806755
32946,45.373168719806756
32947,45.373168719806756
32948,45.373168719806756
32949,45.37416871980676
32950,44.807335386473426
32951,45.14716871980676
32952,45.14716871980676
32953,45.43483055555556
32954,45.14716871980676
32955,45.239168719806756
32956,45.17216871980676
32957,45.20016871980676
32958,45.215168719806755
32959,45.14816871980676
32960,45.14716871980676
32961,44.58133538647343
32962,45.560168719806754
32963,45.49216871980675
32964,45.493168719806754
32965,45.49216871980675
32966,44.92633538647342
32967,45.36477983091787
32968,45.173779830917866
32969,45.36477983091787
32970,45.38977983091787
32971,45.36477983091787
32972,45.36477983091787
32973,45.30616871980675
32974,44.740335386473426
32975,41.861333333333334
32976,41.81133333333333
32977,45.328168719806754
32978,45.303168719806756
32979,45.37116871980675
32980,45.303168719806756
32981,45.26077983091786
32982,45.35277983091786
32983,45.36477983091787
32984,45.36477983091787
32985,45.36477983091787
32986,45.11177983091787
32987,45.36477983091787
32988,45.38977983091787
32989,45.41777983091786
32990,45.36477983091787
32991,45.365779830917866
32992,45.36477983091787
32993,44.79894649758454
32994,45.73716871980676
32995,45.17033538647343
32996,45.14716871980676
32997,45.14716871980676
32998,45.239168719806756
32999,45.14716871980676
33000,45.215168719806755
33001,45.14816871980676
33002,45.14716871980676
33003,44.58133538647343
33004,45.49516871980675
33005,45.242168719806756
33006,45.49516871980675
33007,45.45716871980675
33008,45.520168719806755
33009,45.54816871980675
33010,45.49516871980675
33011,45.49516871980675
33012,45.496168719806754
33013,45.328168719806754
33014,45.35616871980675
33015,45.303168719806756
33016,45.304168719806746
33017,44.737335386473426
33018,45.36516871980675
33019,45.36516871980675
33020,45.45716871980675
33021,45.39016871980675
33022,45.41816871980675
33023,45.36516871980675
33024,45.36516871980675
33025,45.36516871980675
33026,44.79933538647343
33027,45.30616871980675
33028,44.740335386473426
33029,45.395168719806755
33030,45.49516871980675
33031,45.78283055555555
33032,45.242168719806756
33033,45.49516871980675
33034,45.45716871980675
33035,45.520168719806755
33036,45.54816871980675
33037,45.49516871980675
33038,45.563168719806754
33039,45.49516871980675
33040,45.49516871980675
33041,45.496168719806754
33042,45.49516871980675
33043,44.92933538647343
33044,45.49516871980675
33045,45.78283055555555
33046,45.242168719806756
33047,45.49516871980675
33048,45.45716871980675
33049,45.520168719806755
33050,45.54816871980675
33051,45.49516871980675
33052,45.563168719806754
33053,45.49516871980675
33054,45.496168719806754
33055,45.49516871980675
33056,44.92933538647343
33057,45.49216871980675
33058,45.560168719806754
33059,45.49216871980675
33060,45.493168719806754
33061,45.49216871980675
33062,44.92633538647342
33063,45.736168719806756
33064,45.73716871980676
33065,45.736168719806756
33066,45.17033538647343
33067,45.328168719806754
33068,45.35616871980675
33069,45.303168719806756
33070,45.303168719806756
33071,45.37116871980675
33072,45.303168719806756
33073,45.304168719806746
33074,45.303168719806756
33075,44.737335386473426
33076,45.49216871980675
33077,45.560168719806754
33078,45.49216871980675
33079,45.493168719806754
33080,45.49216871980675
33081,44.92633538647342
33082,45.736168719806756
33083,45.73716871980676
33084,45.736168719806756
33085,45.35277983091786
33086,45.36477983091787
33087,45.173779830917866
33088,45.36477983091787
33089,45.26477983091786
33090,45.65244166666666
33091,45.11177983091787
33092,45.36477983091787
33093,45.45677983091787
33094,45.38977983091787
33095,45.41777983091786
33096,45.36477983091787
33097,45.36477983091787
33098,45.43277983091786
33099,45.36477983091787
33100,45.365779830917866
33101,45.36477983091787
33102,44.79894649758454
33103,45.36516871980675
33104,45.45716871980675
33105,45.39016871980675
33106,45.36516871980675
33107,45.43316871980675
33108,45.36616871980676
33109,45.36516871980675
33110,44.79933538647343
33111,45.328168719806754
33112,45.35616871980675
33113,45.303168719806756
33114,45.37116871980675
33115,45.303168719806756
33116,45.304168719806746
33117,45.303168719806756
33118,44.737335386473426
33119,45.30616871980675
33120,44.740335386473426
33121,45.08916871980676
33122,45.15716871980676
33123,45.08916871980676
33124,45.090168719806755
33125,44.52333538647343
33126,45.26077983091786
33127,45.35277983091786
33128,45.36477983091787
33129,45.173779830917866
33130,45.36477983091787
33131,45.36477983091787
33132,45.11177983091787
33133,45.36477983091787
33134,45.45677983091787
33135,45.38977983091787
33136,45.36477983091787
33137,45.43277983091786
33138,44.79894649758454
33139,45.36516871980675
33140,45.45716871980675
33141,45.39016871980675
33142,45.43316871980675
33143,45.36516871980675
33144,45.36616871980676
33145,45.36516871980675
33146,44.79933538647343
33147,45.652830555555546
33148,45.11216871980676
33149,45.36516871980675
33150,45.39016871980675
33151,45.36516871980675
33152,45.43316871980675
33153,45.36516871980675
33154,45.36616871980676
33155,45.36516871980675
33156,45.173779830917866
33157,45.36477983091787
33158,45.65244166666666
33159,45.36477983091787
33160,45.45677983091787
33161,45.38977983091787
33162,45.365779830917866
33163,45.36477983091787
33164,44.79894649758454
33165,45.49516871980675
33166,45.78283055555555
33167,45.242168719806756
33168,45.49516871980675
33169,45.45716871980675
33170,45.520168719806755
33171,45.49516871980675
33172,45.563168719806754
33173,45.49516871980675
33174,45.496168719806754
33175,45.49516871980675
33176,44.92933538647343
33177,45.49516871980675
33178,45.242168719806756
33179,45.49516871980675
33180,45.45716871980675
33181,45.520168719806755
33182,45.49516871980675
33183,45.563168719806754
33184,45.496168719806754
33185,45.49516871980675
33186,44.92933538647343
33187,45.49216871980675
33188,45.36516871980675
33189,45.45716871980675
33190,45.36516871980675
33191,45.43316871980675
33192,45.36516871980675
33193,45.36516871980675
33194,44.79933538647343
33195,45.736168719806756
33196,45.73716871980676
33197,45.736168719806756
33198,45.736168719806756
33199,45.73716871980676
33200,45.736168719806756
33201,45.26077983091786
33202,45.35277983091786
33203,45.36477983091787
33204,45.173779830917866
33205,45.26477983091786
33206,45.36477983091787
33207,45.36477983091787
33208,45.45677983091787
33209,45.38977983091787
33210,45.41777983091786
33211,45.43277983091786
33212,45.365779830917866
33213,45.36477983091787
33214,45.14716871980676
33215,45.04716871980676
33216,44.89416871980676
33217,45.14716871980676
33218,45.17216871980676
33219,45.20016871980676
33220,45.14716871980676
33221,45.215168719806755
33222,45.14816871980676
33223,45.14716871980676
33224,44.58133538647343
33225,45.26077983091786
33226,45.36477983091787
33227,45.36477983091787
33228,45.36477983091787
33229,45.65244166666666
33230,45.38977983091787
33231,45.36477983091787
33232,45.43277983091786
33233,45.365779830917866
33234,45.17416871980675
33235,45.36516871980675
33236,45.26516871980675
33237,45.36516871980675
33238,45.36516871980675
33239,45.45716871980675
33240,45.39016871980675
33241,45.41816871980675
33242,45.43316871980675
33243,45.36516871980675
33244,45.36616871980676
33245,45.36516871980675
33246,44.79933538647343
33247,45.17416871980675
33248,45.36516871980675
33249,45.26516871980675
33250,45.652830555555546
33251,45.11216871980676
33252,45.36516871980675
33253,45.41816871980675
33254,45.36516871980675
33255,45.43316871980675
33256,45.36516871980675
33257,45.36616871980676
33258,45.36516871980675
33259,44.79933538647343
33260,45.14216871980676
33261,45.15716871980676
33262,45.090168719806755
33263,45.08916871980676
33264,44.52333538647343
33265,45.736168719806756
33266,45.73716871980676
33267,45.736168719806756
33268,45.17033538647343
33269,41.17533333333333
33270,41.861333333333334
33271,41.861333333333334
33272,41.861333333333334
33273,41.81133333333333
33274,41.861333333333334
33275,39.58283333333334
33276,41.77483333333333
33277,41.65633333333333
33278,45.14716871980676
33279,45.14716871980676
33280,45.239168719806756
33281,45.17216871980676
33282,45.14716871980676
33283,44.58133538647343
33284,45.373168719806756
33285,45.182168719806754
33286,45.373168719806756
33287,45.465168719806755
33288,45.398168719806755
33289,45.42616871980675
33290,45.373168719806756
33291,45.441168719806754
33292,45.373168719806756
33293,45.373168719806756
33294,44.807335386473426
33295,45.49216871980675
33296,45.49216871980675
33297,45.493168719806754
33298,45.49216871980675
33299,44.92633538647342
33300,45.36477983091787
33301,45.173779830917866
33302,45.36477983091787
33303,45.26477983091786
33304,45.36477983091787
33305,45.65244166666666
33306,45.45677983091787
33307,45.43277983091786
33308,45.36477983091787
33309,45.36477983091787
33310,44.79894649758454
33311,45.736168719806756
33312,45.73716871980676
33313,45.736168719806756
33314,45.736168719806756
33315,45.73716871980676
33316,45.14216871980676
33317,45.08916871980676
33318,45.15716871980676
33319,45.08916871980676
33320,45.090168719806755
33321,45.08916871980676
33322,45.328168719806754
33323,45.35616871980675
33324,45.37116871980675
33325,45.304168719806746
33326,45.303168719806756
33327,41.861333333333334
33328,41.861333333333334
33329,41.861333333333334
33330,41.81133333333333
33331,41.92633333333333
33332,41.861333333333334
33333,45.14216871980676
33334,45.15716871980676
33335,45.08916871980676
33336,45.090168719806755
33337,45.08916871980676
33338,45.14216871980676
33339,45.15716871980676
33340,45.090168719806755
33341,44.52333538647343
33342,45.45716871980675
33343,45.36516871980675
33344,45.39016871980675
33345,45.43316871980675
33346,45.36516871980675
33347,44.79933538647343
33348,45.26077983091786
33349,45.35277983091786
33350,45.36477983091787
33351,45.173779830917866
33352,45.36477983091787
33353,45.65244166666666
33354,45.11177983091787
33355,45.36477983091787
33356,45.38977983091787
33357,45.41777983091786
33358,45.36477983091787
33359,45.43277983091786
33360,45.365779830917866
33361,45.36477983091787
33362,41.861333333333334
33363,41.81133333333333
33364,41.92633333333333
33365,39.58283333333334
33366,41.77483333333333
33367,45.36516871980675
33368,45.652830555555546
33369,45.36516871980675
33370,45.41816871980675
33371,45.36516871980675
33372,44.79933538647343
33373,45.395168719806755
33374,45.49516871980675
33375,45.49516871980675
33376,45.49516871980675
33377,45.520168719806755
33378,45.563168719806754
33379,45.49516871980675
33380,45.49516871980675
33381,44.92933538647343
33382,44.59933538647342
33383,41.861333333333334
33384,41.17533333333333
33385,41.861333333333334
33386,41.861333333333334
33387,41.92633333333333
33388,39.58283333333334
33389,41.77483333333333
33390,41.861333333333334
33391,41.65633333333333
33392,45.49216871980675
33393,45.560168719806754
33394,45.49216871980675
33395,45.493168719806754
33396,45.49216871980675
33397,44.92633538647342
33398,45.14216871980676
33399,45.08916871980676
33400,45.15716871980676
33401,45.08916871980676
33402,44.52333538647343
33403,45.373168719806756
33404,45.182168719806754
33405,45.273168719806755
33406,45.373168719806756
33407,45.12016871980675
33408,45.465168719806755
33409,45.441168719806754
33410,45.373168719806756
33411,45.37416871980676
33412,41.861333333333334
33413,41.17533333333333
33414,41.861333333333334
33415,41.861333333333334
33416,41.81133333333333
33417,39.58283333333334
33418,41.77483333333333
33419,41.861333333333334
33420,41.65633333333333
33421,45.14716871980676
33422,45.14216871980676
33423,45.08916871980676
33424,44.52333538647343
33425,45.395168719806755
33426,45.45716871980675
33427,45.520168719806755
33428,45.49516871980675
33429,45.496168719806754
33430,45.49516871980675
33431,41.861333333333334
33432,41.81133333333333
33433,41.92633333333333
33434,41.65633333333333
33435,45.36477983091787
33436,45.173779830917866
33437,45.36477983091787
33438,45.11177983091787
33439,45.36477983091787
33440,45.41777983091786
33441,45.36477983091787
33442,45.43277983091786
33443,45.36477983091787
33444,44.79894649758454
33445,45.78283055555555
33446,45.49516871980675
33447,45.45716871980675
33448,45.520168719806755
33449,45.54816871980675
33450,45.49516871980675
33451,45.563168719806754
33452,44.92933538647343
33453,45.17033538647343
33454,45.43316871980675
33455,45.36616871980676
33456,45.36516871980675
33457,44.79933538647343
33458,45.182168719806754
33459,45.373168719806756
33460,45.66083055555555
33461,45.12016871980675
33462,45.373168719806756
33463,45.465168719806755
33464,45.37416871980676
33465,45.373168719806756
33466,45.43316871980675
33467,45.36516871980675
33468,45.36616871980676
33469,45.36516871980675
33470,44.79933538647343
33471,45.35616871980675
33472,45.303168719806756
33473,45.37116871980675
33474,45.303168719806756
33475,45.304168719806746
33476,45.303168719806756
33477,44.737335386473426
33478,45.736168719806756
33479,45.73716871980676
33480,45.736168719806756
33481,45.328168719806754
33482,45.303168719806756
33483,44.737335386473426
33484,41.861333333333334
33485,41.861333333333334
33486,41.81133333333333
33487,41.92633333333333
33488,41.861333333333334
33489,45.36616871980676
33490,45.36516871980675
33491,41.861333333333334
33492,41.17533333333333
33493,41.861333333333334
33494,41.81133333333333
33495,41.92633333333333
33496,39.58283333333334
33497,41.77483333333333
33498,41.861333333333334
33499,41.65633333333333
33500,45.17416871980675
33501,45.36516871980675
33502,45.26516871980675
33503,45.36516871980675
33504,45.652830555555546
33505,45.36516871980675
33506,45.36516871980675
33507,45.45716871980675
33508,45.43316871980675
33509,45.36516871980675
33510,45.36616871980676
33511,45.36516871980675
33512,44.79933538647343
33513,45.328168719806754
33514,45.35616871980675
33515,45.303168719806756
33516,45.37116871980675
33517,45.303168719806756
33518,45.304168719806746
33519,44.737335386473426
33520,44.740335386473426
33521,45.43316871980675
33522,45.36516871980675
33523,45.36616871980676
33524,45.36516871980675
33525,44.79933538647343
33526,45.49216871980675
33527,45.560168719806754
33528,45.49216871980675
33529,45.493168719806754
33530,45.49216871980675
33531,45.39016871980675
33532,45.41816871980675
33533,45.43316871980675
33534,45.36516871980675
33535,45.36616871980676
33536,45.36516871980675
33537,45.30616871980675
33538,44.740335386473426
33539,45.328168719806754
33540,45.35616871980675
33541,45.303168719806756
33542,45.37116871980675
33543,45.304168719806746
33544,45.303168719806756
33545,44.737335386473426
33546,45.08916871980676
33547,45.15716871980676
33548,45.090168719806755
33549,45.08916871980676
33550,44.52333538647343
33551,45.26077983091786
33552,45.35277983091786
33553,45.36477983091787
33554,45.173779830917866
33555,45.36477983091787
33556,45.26477983091786
33557,45.36477983091787
33558,45.65244166666666
33559,45.36477983091787
33560,45.38977983091787
33561,45.36477983091787
33562,45.43277983091786
33563,45.36477983091787
33564,44.79894649758454
33565,45.395168719806755
33566,45.49516871980675
33567,45.78283055555555
33568,45.520168719806755
33569,45.563168719806754
33570,45.49516871980675
33571,45.49516871980675
33572,44.92933538647343
33573,41.17533333333333
33574,41.861333333333334
33575,41.861333333333334
33576,41.81133333333333
33577,41.92633333333333
33578,41.77483333333333
33579,41.65633333333333
33580,45.36516871980675
33581,45.45716871980675
33582,45.39016871980675
33583,45.43316871980675
33584,45.36516871980675
33585,45.36616871980676
33586,45.36516871980675
33587,45.652830555555546
33588,45.11216871980676
33589,45.36516871980675
33590,45.39016871980675
33591,45.41816871980675
33592,45.36516871980675
33593,44.79933538647343
33594,45.26077983091786
33595,45.35277983091786
33596,45.36477983091787
33597,45.173779830917866
33598,45.36477983091787
33599,45.36477983091787
33600,45.65244166666666
33601,45.11177983091787
33602,45.45677983091787
33603,45.38977983091787
33604,45.41777983091786
33605,45.43277983091786
33606,45.36477983091787
33607,44.79894649758454
33608,44.59933538647342
33609,45.373168719806756
33610,45.182168719806754
33611,45.373168719806756
33612,45.273168719806755
33613,45.373168719806756
33614,45.66083055555555
33615,45.373168719806756
33616,45.465168719806755
33617,45.398168719806755
33618,45.42616871980675
33619,45.441168719806754
33620,45.373168719806756
33621,45.37416871980676
33622,45.373168719806756
33623,44.807335386473426
33624,45.30616871980675
33625,45.14716871980676
33626,44.89416871980676
33627,45.14716871980676
33628,45.14716871980676
33629,44.58133538647343
33630,45.08916871980676
33631,45.15716871980676
33632,45.08916871980676
33633,45.090168719806755
33634,45.36516871980675
33635,45.45716871980675
33636,45.36516871980675
33637,45.26077983091786
33638,45.173779830917866
33639,45.26477983091786
33640,45.65244166666666
33641,45.38977983091787
33642,45.41777983091786
33643,45.43277983091786
33644,45.36477983091787
33645,45.736168719806756
33646,45.73716871980676
33647,45.736168719806756
33648,45.49216871980675
33649,45.49216871980675
33650,45.560168719806754
33651,45.49216871980675
33652,45.493168719806754
33653,45.49216871980675
33654,44.92633538647342
33655,45.395168719806755
33656,45.49516871980675
33657,45.78283055555555
33658,45.242168719806756
33659,45.45716871980675
33660,45.520168719806755
33661,45.54816871980675
33662,45.49516871980675
33663,45.563168719806754
33664,45.49516871980675
33665,45.49516871980675
33666,44.92933538647343
33667,41.861333333333334
33668,41.17533333333333
33669,41.861333333333334
33670,41.861333333333334
33671,41.861333333333334
33672,41.81133333333333
33673,41.92633333333333
33674,39.58283333333334
33675,41.77483333333333
33676,41.861333333333334
33677,41.65633333333333
33678,45.26516871980675
33679,45.36516871980675
33680,45.11216871980676
33681,45.36516871980675
33682,45.45716871980675
33683,45.39016871980675
33684,45.41816871980675
33685,45.43316871980675
33686,45.36616871980676
33687,45.36516871980675
33688,44.79933538647343
33689,45.273168719806755
33690,45.66083055555555
33691,45.373168719806756
33692,45.465168719806755
33693,45.398168719806755
33694,45.42616871980675
33695,45.441168719806754
33696,45.373168719806756
33697,45.26077983091786
33698,45.36477983091787
33699,45.36477983091787
33700,45.173779830917866
33701,45.36477983091787
33702,45.36477983091787
33703,45.65244166666666
33704,45.36477983091787
33705,45.38977983091787
33706,45.41777983091786
33707,45.43277983091786
33708,44.79894649758454
33709,41.17533333333333
33710,41.81133333333333
33711,41.77483333333333
33712,41.861333333333334
33713,41.65633333333333
33714,45.36516871980675
33715,45.36516871980675
33716,45.36616871980676
33717,45.14216871980676
33718,45.08916871980676
33719,45.15716871980676
33720,45.090168719806755
33721,45.08916871980676
33722,44.52333538647343
33723,45.182168719806754
33724,45.373168719806756
33725,45.273168719806755
33726,45.373168719806756
33727,45.12016871980675
33728,45.373168719806756
33729,45.465168719806755
33730,45.373168719806756
33731,45.398168719806755
33732,45.42616871980675
33733,45.73716871980676
33734,45.736168719806756
33735,45.17033538647343
33736,45.49216871980675
33737,45.49216871980675
33738,45.560168719806754
33739,45.49216871980675
33740,44.92633538647342
33741,45.736168719806756
33742,45.736168719806756
33743,45.17033538647343
33744,45.373168719806756
33745,45.182168719806754
33746,45.373168719806756
33747,45.273168719806755
33748,45.12016871980675
33749,45.373168719806756
33750,45.465168719806755
33751,45.398168719806755
33752,45.42616871980675
33753,45.373168719806756
33754,45.373168719806756
33755,44.807335386473426
33756,45.49516871980675
33757,45.78283055555555
33758,45.242168719806756
33759,45.520168719806755
33760,45.54816871980675
33761,45.49516871980675
33762,45.49516871980675
33763,45.395168719806755
33764,45.49516871980675
33765,45.242168719806756
33766,45.49516871980675
33767,45.45716871980675
33768,45.520168719806755
33769,45.54816871980675
33770,45.49516871980675
33771,45.49516871980675
33772,45.563168719806754
33773,45.49516871980675
33774,45.496168719806754
33775,44.92933538647343
33776,45.36616871980676
33777,44.79933538647343
33778,41.861333333333334
33779,41.17533333333333
33780,41.861333333333334
33781,41.861333333333334
33782,41.81133333333333
33783,41.92633333333333
33784,41.861333333333334
33785,41.77483333333333
33786,41.861333333333334
33787,45.39016871980675
33788,45.41816871980675
33789,45.36516871980675
33790,45.36616871980676
33791,45.36516871980675
33792,44.79933538647343
33793,45.26077983091786
33794,45.35277983091786
33795,45.173779830917866
33796,45.36477983091787
33797,45.26477983091786
33798,45.36477983091787
33799,45.11177983091787
33800,45.45677983091787
33801,45.38977983091787
33802,45.36477983091787
